"node_id"	"level1_id"	"level1_name"	"level2_id"	"level2_name"	"level3_id"	"level3_name"	"level4_id"	"level4_name"	"level5_id"	"level5_name"	"full_path"
"1"	"1"	"FUCTIONAL TESTING"	"N/A"	"N/A"	"N/A"	"N/A"	"N/A"	"N/A"	"N/A"	"N/A"	"FUCTIONAL TESTING"
"6246"	"1"	"FUCTIONAL TESTING"	"106588"	"CYCLE 1"	"77511"	"BATCH 1"	"6246"	"Lending"	"N/A"	"N/A"	"FUCTIONAL TESTING > CYCLE 1 > BATCH 1 > Lending"
"6247"	"1"	"FUCTIONAL TESTING"	"106588"	"CYCLE 1"	"77511"	"BATCH 1"	"6246"	"Lending"	"6247"	"LBL"	"FUCTIONAL TESTING > CYCLE 1 > BATCH 1 > Lending > LBL"
"22549"	"1"	"FUCTIONAL TESTING"	"106588"	"CYCLE 1"	"77511"	"BATCH 1"	"6246"	"Lending"	"22549"	"RSME"	"FUCTIONAL TESTING > CYCLE 1 > BATCH 1 > Lending > RSME"
"48910"	"1"	"FUCTIONAL TESTING"	"106588"	"CYCLE 1"	"77511"	"BATCH 1"	"6246"	"Lending"	"48910"	"EC"	"FUCTIONAL TESTING > CYCLE 1 > BATCH 1 > Lending > EC"
"49373"	"1"	"FUCTIONAL TESTING"	"106588"	"CYCLE 1"	"77511"	"BATCH 1"	"6246"	"Lending"	"49373"	"ER"	"FUCTIONAL TESTING > CYCLE 1 > BATCH 1 > Lending > ER"
"49826"	"1"	"FUCTIONAL TESTING"	"106588"	"CYCLE 1"	"77511"	"BATCH 1"	"6246"	"Lending"	"49826"	"ELM"	"FUCTIONAL TESTING > CYCLE 1 > BATCH 1 > Lending > ELM"
"51251"	"1"	"FUCTIONAL TESTING"	"106588"	"CYCLE 1"	"77511"	"BATCH 1"	"51251"	"Payment & Transactions"	"N/A"	"N/A"	"FUCTIONAL TESTING > CYCLE 1 > BATCH 1 > Payment & Transactions"
"51252"	"1"	"FUCTIONAL TESTING"	"106588"	"CYCLE 1"	"77511"	"BATCH 1"	"51251"	"Payment & Transactions"	"51252"	"CBPMP"	"FUCTIONAL TESTING > CYCLE 1 > BATCH 1 > Payment & Transactions > CBPMP"
"51273"	"1"	"FUCTIONAL TESTING"	"106588"	"CYCLE 1"	"77511"	"BATCH 1"	"51251"	"Payment & Transactions"	"51273"	"BT"	"FUCTIONAL TESTING > CYCLE 1 > BATCH 1 > Payment & Transactions > BT"
"51332"	"1"	"FUCTIONAL TESTING"	"106588"	"CYCLE 1"	"77511"	"BATCH 1"	"51251"	"Payment & Transactions"	"51332"	"TestExcTool_BT"	"FUCTIONAL TESTING > CYCLE 1 > BATCH 1 > Payment & Transactions > TestExcTool_BT"
"52905"	"1"	"FUCTIONAL TESTING"	"106588"	"CYCLE 1"	"77511"	"BATCH 1"	"51251"	"Payment & Transactions"	"52905"	"ATM"	"FUCTIONAL TESTING > CYCLE 1 > BATCH 1 > Payment & Transactions > ATM"
"54302"	"1"	"FUCTIONAL TESTING"	"106588"	"CYCLE 1"	"77511"	"BATCH 1"	"51251"	"Payment & Transactions"	"54302"	"Additional ATM"	"FUCTIONAL TESTING > CYCLE 1 > BATCH 1 > Payment & Transactions > Additional ATM"
"54377"	"1"	"FUCTIONAL TESTING"	"106588"	"CYCLE 1"	"77511"	"BATCH 1"	"51251"	"Payment & Transactions"	"54377"	"CB"	"FUCTIONAL TESTING > CYCLE 1 > BATCH 1 > Payment & Transactions > CB"
"54708"	"1"	"FUCTIONAL TESTING"	"106588"	"CYCLE 1"	"77511"	"BATCH 1"	"51251"	"Payment & Transactions"	"54708"	"Additional_CB"	"FUCTIONAL TESTING > CYCLE 1 > BATCH 1 > Payment & Transactions > Additional_CB"
"54753"	"1"	"FUCTIONAL TESTING"	"106588"	"CYCLE 1"	"77511"	"BATCH 1"	"51251"	"Payment & Transactions"	"54753"	"Additional_DHV"	"FUCTIONAL TESTING > CYCLE 1 > BATCH 1 > Payment & Transactions > Additional_DHV"
"54772"	"1"	"FUCTIONAL TESTING"	"106588"	"CYCLE 1"	"77511"	"BATCH 1"	"51251"	"Payment & Transactions"	"54772"	"DHV"	"FUCTIONAL TESTING > CYCLE 1 > BATCH 1 > Payment & Transactions > DHV"
"54901"	"1"	"FUCTIONAL TESTING"	"106588"	"CYCLE 1"	"77511"	"BATCH 1"	"51251"	"Payment & Transactions"	"54901"	"PIC"	"FUCTIONAL TESTING > CYCLE 1 > BATCH 1 > Payment & Transactions > PIC"
"55294"	"1"	"FUCTIONAL TESTING"	"106588"	"CYCLE 1"	"77511"	"BATCH 1"	"51251"	"Payment & Transactions"	"55294"	"Additional_PIC"	"FUCTIONAL TESTING > CYCLE 1 > BATCH 1 > Payment & Transactions > Additional_PIC"
"55299"	"1"	"FUCTIONAL TESTING"	"106588"	"CYCLE 1"	"77511"	"BATCH 1"	"51251"	"Payment & Transactions"	"55299"	"BFH"	"FUCTIONAL TESTING > CYCLE 1 > BATCH 1 > Payment & Transactions > BFH"
"55400"	"1"	"FUCTIONAL TESTING"	"106588"	"CYCLE 1"	"77511"	"BATCH 1"	"51251"	"Payment & Transactions"	"55400"	"DLV"	"FUCTIONAL TESTING > CYCLE 1 > BATCH 1 > Payment & Transactions > DLV"
"55985"	"1"	"FUCTIONAL TESTING"	"106588"	"CYCLE 1"	"77511"	"BATCH 1"	"51251"	"Payment & Transactions"	"55985"	"DDC"	"FUCTIONAL TESTING > CYCLE 1 > BATCH 1 > Payment & Transactions > DDC"
"56028"	"1"	"FUCTIONAL TESTING"	"106588"	"CYCLE 1"	"77511"	"BATCH 1"	"56028"	"Trade & Treasury"	"N/A"	"N/A"	"FUCTIONAL TESTING > CYCLE 1 > BATCH 1 > Trade & Treasury"
"56029"	"1"	"FUCTIONAL TESTING"	"106588"	"CYCLE 1"	"77511"	"BATCH 1"	"56028"	"Trade & Treasury"	"56029"	"TF"	"FUCTIONAL TESTING > CYCLE 1 > BATCH 1 > Trade & Treasury > TF"
"58309"	"1"	"FUCTIONAL TESTING"	"106588"	"CYCLE 1"	"77511"	"BATCH 1"	"56028"	"Trade & Treasury"	"58309"	"Additional_TF"	"FUCTIONAL TESTING > CYCLE 1 > BATCH 1 > Trade & Treasury > Additional_TF"
"58349"	"1"	"FUCTIONAL TESTING"	"106588"	"CYCLE 1"	"58349"	"BATCH 2"	"N/A"	"N/A"	"N/A"	"N/A"	"FUCTIONAL TESTING > CYCLE 1 > BATCH 2"
"59041"	"1"	"FUCTIONAL TESTING"	"106588"	"CYCLE 1"	"58349"	"BATCH 2"	"59041"	"Branch & COPs Mgt"	"N/A"	"N/A"	"FUCTIONAL TESTING > CYCLE 1 > BATCH 2 > Branch & COPs Mgt"
"59042"	"1"	"FUCTIONAL TESTING"	"106588"	"CYCLE 1"	"58349"	"BATCH 2"	"59041"	"Branch & COPs Mgt"	"59042"	"SI"	"FUCTIONAL TESTING > CYCLE 1 > BATCH 2 > Branch & COPs Mgt > SI"
"59733"	"1"	"FUCTIONAL TESTING"	"106588"	"CYCLE 1"	"58349"	"BATCH 2"	"59733"	"CASA & TD"	"N/A"	"N/A"	"FUCTIONAL TESTING > CYCLE 1 > BATCH 2 > CASA & TD"
"59734"	"1"	"FUCTIONAL TESTING"	"106588"	"CYCLE 1"	"58349"	"BATCH 2"	"59733"	"CASA & TD"	"59734"	"CASA"	"FUCTIONAL TESTING > CYCLE 1 > BATCH 2 > CASA & TD > CASA"
"70481"	"1"	"FUCTIONAL TESTING"	"106588"	"CYCLE 1"	"58349"	"BATCH 2"	"59733"	"CASA & TD"	"70481"	"LQM"	"FUCTIONAL TESTING > CYCLE 1 > BATCH 2 > CASA & TD > LQM"
"71006"	"1"	"FUCTIONAL TESTING"	"106588"	"CYCLE 1"	"58349"	"BATCH 2"	"71006"	"Core Management"	"N/A"	"N/A"	"FUCTIONAL TESTING > CYCLE 1 > BATCH 2 > Core Management"
"71007"	"1"	"FUCTIONAL TESTING"	"106588"	"CYCLE 1"	"58349"	"BATCH 2"	"71006"	"Core Management"	"71007"	"Relationship Pricing (RP)"	"FUCTIONAL TESTING > CYCLE 1 > BATCH 2 > Core Management > Relationship Pricing (RP)"
"71198"	"1"	"FUCTIONAL TESTING"	"106588"	"CYCLE 1"	"58349"	"BATCH 2"	"71006"	"Core Management"	"71198"	"Nostro Reconciliation (NR)"	"FUCTIONAL TESTING > CYCLE 1 > BATCH 2 > Core Management > Nostro Reconciliation (NR)"
"71424"	"1"	"FUCTIONAL TESTING"	"106588"	"CYCLE 1"	"58349"	"BATCH 2"	"71424"	"Trade and Treasury"	"N/A"	"N/A"	"FUCTIONAL TESTING > CYCLE 1 > BATCH 2 > Trade and Treasury"
"71425"	"1"	"FUCTIONAL TESTING"	"106588"	"CYCLE 1"	"58349"	"BATCH 2"	"71424"	"Trade and Treasury"	"71425"	"TFPM"	"FUCTIONAL TESTING > CYCLE 1 > BATCH 2 > Trade and Treasury > TFPM"
"73242"	"1"	"FUCTIONAL TESTING"	"106588"	"CYCLE 1"	"58349"	"BATCH 2"	"59041"	"Branch & COPs Mgt"	"73242"	"OBBRN"	"FUCTIONAL TESTING > CYCLE 1 > BATCH 2 > Branch & COPs Mgt > OBBRN"
"75101"	"1"	"FUCTIONAL TESTING"	"106588"	"CYCLE 1"	"58349"	"BATCH 2"	"59733"	"CASA & TD"	"75101"	"TD"	"FUCTIONAL TESTING > CYCLE 1 > BATCH 2 > CASA & TD > TD"
"77146"	"1"	"FUCTIONAL TESTING"	"141655"	"TBD"	"147578"	"CORE MANAGEMENT"	"77146"	"BASE Others"	"N/A"	"N/A"	"FUCTIONAL TESTING > TBD > CORE MANAGEMENT > BASE Others"
"77511"	"1"	"FUCTIONAL TESTING"	"106588"	"CYCLE 1"	"77511"	"BATCH 1"	"N/A"	"N/A"	"N/A"	"N/A"	"FUCTIONAL TESTING > CYCLE 1 > BATCH 1"
"77512"	"1"	"FUCTIONAL TESTING"	"106588"	"CYCLE 1"	"58349"	"BATCH 2"	"59733"	"CASA & TD"	"77512"	"CASA_1"	"FUCTIONAL TESTING > CYCLE 1 > BATCH 2 > CASA & TD > CASA_1"
"77513"	"1"	"FUCTIONAL TESTING"	"106588"	"CYCLE 1"	"58349"	"BATCH 2"	"59733"	"CASA & TD"	"77513"	"CASA_2"	"FUCTIONAL TESTING > CYCLE 1 > BATCH 2 > CASA & TD > CASA_2"
"77514"	"1"	"FUCTIONAL TESTING"	"106588"	"CYCLE 1"	"58349"	"BATCH 2"	"59733"	"CASA & TD"	"77514"	"TD_2"	"FUCTIONAL TESTING > CYCLE 1 > BATCH 2 > CASA & TD > TD_2"
"81610"	"1"	"FUCTIONAL TESTING"	"106588"	"CYCLE 1"	"58349"	"BATCH 2"	"81610"	"Lending"	"N/A"	"N/A"	"FUCTIONAL TESTING > CYCLE 1 > BATCH 2 > Lending"
"81611"	"1"	"FUCTIONAL TESTING"	"106588"	"CYCLE 1"	"58349"	"BATCH 2"	"81610"	"Lending"	"81611"	"Syndication"	"FUCTIONAL TESTING > CYCLE 1 > BATCH 2 > Lending > Syndication"
"81612"	"1"	"FUCTIONAL TESTING"	"106588"	"CYCLE 1"	"58349"	"BATCH 2"	"81610"	"Lending"	"81612"	"Overdraft"	"FUCTIONAL TESTING > CYCLE 1 > BATCH 2 > Lending > Overdraft"
"83391"	"1"	"FUCTIONAL TESTING"	"147577"	"CYCLE 3"	"83391"	"Financial"	"N/A"	"N/A"	"N/A"	"N/A"	"FUCTIONAL TESTING > CYCLE 3 > Financial"
"83392"	"1"	"FUCTIONAL TESTING"	"147577"	"CYCLE 3"	"83391"	"Financial"	"83392"	"BASE CHARGES"	"N/A"	"N/A"	"FUCTIONAL TESTING > CYCLE 3 > Financial > BASE CHARGES"
"93859"	"1"	"FUCTIONAL TESTING"	"147577"	"CYCLE 3"	"83391"	"Financial"	"93859"	"IC CHARGES"	"N/A"	"N/A"	"FUCTIONAL TESTING > CYCLE 3 > Financial > IC CHARGES"
"95226"	"1"	"FUCTIONAL TESTING"	"147577"	"CYCLE 3"	"83391"	"Financial"	"95226"	"OBTF CHARGES"	"N/A"	"N/A"	"FUCTIONAL TESTING > CYCLE 3 > Financial > OBTF CHARGES"
"95227"	"1"	"FUCTIONAL TESTING"	"147577"	"CYCLE 3"	"83391"	"Financial"	"95227"	"CARD FEES"	"N/A"	"N/A"	"FUCTIONAL TESTING > CYCLE 3 > Financial > CARD FEES"
"95228"	"1"	"FUCTIONAL TESTING"	"147577"	"CYCLE 3"	"83391"	"Financial"	"95228"	"OBBRN CHARGES"	"N/A"	"N/A"	"FUCTIONAL TESTING > CYCLE 3 > Financial > OBBRN CHARGES"
"99481"	"1"	"FUCTIONAL TESTING"	"147577"	"CYCLE 3"	"83391"	"Financial"	"99481"	"OBPM CHARGES"	"N/A"	"N/A"	"FUCTIONAL TESTING > CYCLE 3 > Financial > OBPM CHARGES"
"99482"	"1"	"FUCTIONAL TESTING"	"147577"	"CYCLE 3"	"83391"	"Financial"	"99482"	"SI CHARGES"	"N/A"	"N/A"	"FUCTIONAL TESTING > CYCLE 3 > Financial > SI CHARGES"
"99483"	"1"	"FUCTIONAL TESTING"	"147577"	"CYCLE 3"	"83391"	"Financial"	"99483"	"CHEQUE"	"N/A"	"N/A"	"FUCTIONAL TESTING > CYCLE 3 > Financial > CHEQUE"
"99484"	"1"	"FUCTIONAL TESTING"	"147577"	"CYCLE 3"	"83391"	"Financial"	"99484"	"GOV. LEVY"	"N/A"	"N/A"	"FUCTIONAL TESTING > CYCLE 3 > Financial > GOV. LEVY"
"106588"	"1"	"FUCTIONAL TESTING"	"106588"	"CYCLE 1"	"N/A"	"N/A"	"N/A"	"N/A"	"N/A"	"N/A"	"FUCTIONAL TESTING > CYCLE 1"
"106589"	"1"	"FUCTIONAL TESTING"	"106589"	"CYCLE 2"	"N/A"	"N/A"	"N/A"	"N/A"	"N/A"	"N/A"	"FUCTIONAL TESTING > CYCLE 2"
"106591"	"1"	"FUCTIONAL TESTING"	"106589"	"CYCLE 2"	"106591"	"C1/B2 RETEST & VERIFICATION"	"N/A"	"N/A"	"N/A"	"N/A"	"FUCTIONAL TESTING > CYCLE 2 > C1/B2 RETEST & VERIFICATION"
"106592"	"1"	"FUCTIONAL TESTING"	"106589"	"CYCLE 2"	"106591"	"C1/B2 RETEST & VERIFICATION"	"106592"	"BRANCH & COPs MGT"	"N/A"	"N/A"	"FUCTIONAL TESTING > CYCLE 2 > C1/B2 RETEST & VERIFICATION > BRANCH & COPs MGT"
"106593"	"1"	"FUCTIONAL TESTING"	"106589"	"CYCLE 2"	"106591"	"C1/B2 RETEST & VERIFICATION"	"106593"	"CASA & TD"	"N/A"	"N/A"	"FUCTIONAL TESTING > CYCLE 2 > C1/B2 RETEST & VERIFICATION > CASA & TD"
"106594"	"1"	"FUCTIONAL TESTING"	"106589"	"CYCLE 2"	"106591"	"C1/B2 RETEST & VERIFICATION"	"106594"	"CORE MANAGEMENT"	"N/A"	"N/A"	"FUCTIONAL TESTING > CYCLE 2 > C1/B2 RETEST & VERIFICATION > CORE MANAGEMENT"
"106595"	"1"	"FUCTIONAL TESTING"	"106589"	"CYCLE 2"	"106591"	"C1/B2 RETEST & VERIFICATION"	"106595"	"TRADE & TREASURY"	"N/A"	"N/A"	"FUCTIONAL TESTING > CYCLE 2 > C1/B2 RETEST & VERIFICATION > TRADE & TREASURY"
"106596"	"1"	"FUCTIONAL TESTING"	"106589"	"CYCLE 2"	"106591"	"C1/B2 RETEST & VERIFICATION"	"106592"	"BRANCH & COPs MGT"	"106596"	"SI"	"FUCTIONAL TESTING > CYCLE 2 > C1/B2 RETEST & VERIFICATION > BRANCH & COPs MGT > SI"
"106597"	"1"	"FUCTIONAL TESTING"	"106589"	"CYCLE 2"	"106591"	"C1/B2 RETEST & VERIFICATION"	"106592"	"BRANCH & COPs MGT"	"106597"	"OBBRN"	"FUCTIONAL TESTING > CYCLE 2 > C1/B2 RETEST & VERIFICATION > BRANCH & COPs MGT > OBBRN"
"106598"	"1"	"FUCTIONAL TESTING"	"106589"	"CYCLE 2"	"106591"	"C1/B2 RETEST & VERIFICATION"	"106593"	"CASA & TD"	"106598"	"CASA"	"FUCTIONAL TESTING > CYCLE 2 > C1/B2 RETEST & VERIFICATION > CASA & TD > CASA"
"106599"	"1"	"FUCTIONAL TESTING"	"106589"	"CYCLE 2"	"106591"	"C1/B2 RETEST & VERIFICATION"	"106593"	"CASA & TD"	"106599"	"LQM"	"FUCTIONAL TESTING > CYCLE 2 > C1/B2 RETEST & VERIFICATION > CASA & TD > LQM"
"106600"	"1"	"FUCTIONAL TESTING"	"106589"	"CYCLE 2"	"106591"	"C1/B2 RETEST & VERIFICATION"	"106593"	"CASA & TD"	"106600"	"TD"	"FUCTIONAL TESTING > CYCLE 2 > C1/B2 RETEST & VERIFICATION > CASA & TD > TD"
"106601"	"1"	"FUCTIONAL TESTING"	"106589"	"CYCLE 2"	"106591"	"C1/B2 RETEST & VERIFICATION"	"106594"	"CORE MANAGEMENT"	"106601"	"RELATIONSHIP PRICING"	"FUCTIONAL TESTING > CYCLE 2 > C1/B2 RETEST & VERIFICATION > CORE MANAGEMENT > RELATIONSHIP PRICING"
"106602"	"1"	"FUCTIONAL TESTING"	"106589"	"CYCLE 2"	"106591"	"C1/B2 RETEST & VERIFICATION"	"106594"	"CORE MANAGEMENT"	"106602"	"NOSTRO RECONCILIATION"	"FUCTIONAL TESTING > CYCLE 2 > C1/B2 RETEST & VERIFICATION > CORE MANAGEMENT > NOSTRO RECONCILIATION"
"106603"	"1"	"FUCTIONAL TESTING"	"106589"	"CYCLE 2"	"106591"	"C1/B2 RETEST & VERIFICATION"	"106594"	"CORE MANAGEMENT"	"106603"	"BASE OTHERS"	"FUCTIONAL TESTING > CYCLE 2 > C1/B2 RETEST & VERIFICATION > CORE MANAGEMENT > BASE OTHERS"
"106604"	"1"	"FUCTIONAL TESTING"	"106589"	"CYCLE 2"	"106591"	"C1/B2 RETEST & VERIFICATION"	"106595"	"TRADE & TREASURY"	"106604"	"TFPM"	"FUCTIONAL TESTING > CYCLE 2 > C1/B2 RETEST & VERIFICATION > TRADE & TREASURY > TFPM"
"106605"	"1"	"FUCTIONAL TESTING"	"106589"	"CYCLE 2"	"106605"	"LENDING"	"N/A"	"N/A"	"N/A"	"N/A"	"FUCTIONAL TESTING > CYCLE 2 > LENDING"
"106606"	"1"	"FUCTIONAL TESTING"	"106589"	"CYCLE 2"	"106605"	"LENDING"	"106606"	"SYNDICATION"	"N/A"	"N/A"	"FUCTIONAL TESTING > CYCLE 2 > LENDING > SYNDICATION"
"106607"	"1"	"FUCTIONAL TESTING"	"106589"	"CYCLE 2"	"106607"	"COMPLIANCE CONTROL & LIMIT"	"N/A"	"N/A"	"N/A"	"N/A"	"FUCTIONAL TESTING > CYCLE 2 > COMPLIANCE CONTROL & LIMIT"
"106608"	"1"	"FUCTIONAL TESTING"	"106589"	"CYCLE 2"	"106605"	"LENDING"	"106608"	"INTERMODULAR"	"N/A"	"N/A"	"FUCTIONAL TESTING > CYCLE 2 > LENDING > INTERMODULAR"
"106611"	"1"	"FUCTIONAL TESTING"	"106589"	"CYCLE 2"	"106611"	"REPORTS & NOTIFICATIONS"	"N/A"	"N/A"	"N/A"	"N/A"	"FUCTIONAL TESTING > CYCLE 2 > REPORTS & NOTIFICATIONS"
"106612"	"1"	"FUCTIONAL TESTING"	"106589"	"CYCLE 2"	"106611"	"REPORTS & NOTIFICATIONS"	"106612"	"RN_PAYMENT & CHANNEL"	"N/A"	"N/A"	"FUCTIONAL TESTING > CYCLE 2 > REPORTS & NOTIFICATIONS > RN_PAYMENT & CHANNEL"
"106613"	"1"	"FUCTIONAL TESTING"	"106589"	"CYCLE 2"	"106607"	"COMPLIANCE CONTROL & LIMIT"	"106613"	"OBBRN"	"N/A"	"N/A"	"FUCTIONAL TESTING > CYCLE 2 > COMPLIANCE CONTROL & LIMIT > OBBRN"
"108714"	"1"	"FUCTIONAL TESTING"	"106589"	"CYCLE 2"	"106607"	"COMPLIANCE CONTROL & LIMIT"	"108714"	"RSME"	"N/A"	"N/A"	"FUCTIONAL TESTING > CYCLE 2 > COMPLIANCE CONTROL & LIMIT > RSME"
"108717"	"1"	"FUCTIONAL TESTING"	"106589"	"CYCLE 2"	"106607"	"COMPLIANCE CONTROL & LIMIT"	"108717"	"TRADE"	"N/A"	"N/A"	"FUCTIONAL TESTING > CYCLE 2 > COMPLIANCE CONTROL & LIMIT > TRADE"
"112789"	"1"	"FUCTIONAL TESTING"	"106589"	"CYCLE 2"	"106607"	"COMPLIANCE CONTROL & LIMIT"	"112789"	"CASA"	"N/A"	"N/A"	"FUCTIONAL TESTING > CYCLE 2 > COMPLIANCE CONTROL & LIMIT > CASA"
"112790"	"1"	"FUCTIONAL TESTING"	"106589"	"CYCLE 2"	"106607"	"COMPLIANCE CONTROL & LIMIT"	"112790"	"TD"	"N/A"	"N/A"	"FUCTIONAL TESTING > CYCLE 2 > COMPLIANCE CONTROL & LIMIT > TD"
"118859"	"1"	"FUCTIONAL TESTING"	"106589"	"CYCLE 2"	"106605"	"LENDING"	"118859"	"OD"	"N/A"	"N/A"	"FUCTIONAL TESTING > CYCLE 2 > LENDING > OD"
"120611"	"1"	"FUCTIONAL TESTING"	"106589"	"CYCLE 2"	"106607"	"COMPLIANCE CONTROL & LIMIT"	"120611"	"LIMITS MGT - ELM"	"N/A"	"N/A"	"FUCTIONAL TESTING > CYCLE 2 > COMPLIANCE CONTROL & LIMIT > LIMITS MGT - ELM"
"120612"	"1"	"FUCTIONAL TESTING"	"106589"	"CYCLE 2"	"106607"	"COMPLIANCE CONTROL & LIMIT"	"120612"	"ECM"	"N/A"	"N/A"	"FUCTIONAL TESTING > CYCLE 2 > COMPLIANCE CONTROL & LIMIT > ECM"
"120698"	"1"	"FUCTIONAL TESTING"	"106589"	"CYCLE 2"	"106607"	"COMPLIANCE CONTROL & LIMIT"	"120698"	"OBPM"	"N/A"	"N/A"	"FUCTIONAL TESTING > CYCLE 2 > COMPLIANCE CONTROL & LIMIT > OBPM"
"123081"	"1"	"FUCTIONAL TESTING"	"106589"	"CYCLE 2"	"123081"	"CRITICAL TEST CASES"	"N/A"	"N/A"	"N/A"	"N/A"	"FUCTIONAL TESTING > CYCLE 2 > CRITICAL TEST CASES"
"124864"	"1"	"FUCTIONAL TESTING"	"106589"	"CYCLE 2"	"123081"	"CRITICAL TEST CASES"	"124864"	"PAYMENT & CHANNEL"	"N/A"	"N/A"	"FUCTIONAL TESTING > CYCLE 2 > CRITICAL TEST CASES > PAYMENT & CHANNEL"
"124865"	"1"	"FUCTIONAL TESTING"	"106589"	"CYCLE 2"	"123081"	"CRITICAL TEST CASES"	"124864"	"PAYMENT & CHANNEL"	"124865"	"BOOK TRANSFER"	"FUCTIONAL TESTING > CYCLE 2 > CRITICAL TEST CASES > PAYMENT & CHANNEL > BOOK TRANSFER"
"124866"	"1"	"FUCTIONAL TESTING"	"106589"	"CYCLE 2"	"123081"	"CRITICAL TEST CASES"	"124864"	"PAYMENT & CHANNEL"	"124866"	"CROSS BOARDER (CBPMP)"	"FUCTIONAL TESTING > CYCLE 2 > CRITICAL TEST CASES > PAYMENT & CHANNEL > CROSS BOARDER (CBPMP)"
"124867"	"1"	"FUCTIONAL TESTING"	"106589"	"CYCLE 2"	"123081"	"CRITICAL TEST CASES"	"124864"	"PAYMENT & CHANNEL"	"124867"	"LOW VALUE TRXN"	"FUCTIONAL TESTING > CYCLE 2 > CRITICAL TEST CASES > PAYMENT & CHANNEL > LOW VALUE TRXN"
"124868"	"1"	"FUCTIONAL TESTING"	"106589"	"CYCLE 2"	"123081"	"CRITICAL TEST CASES"	"124864"	"PAYMENT & CHANNEL"	"124868"	"HIGH VALUE TRXN"	"FUCTIONAL TESTING > CYCLE 2 > CRITICAL TEST CASES > PAYMENT & CHANNEL > HIGH VALUE TRXN"
"124869"	"1"	"FUCTIONAL TESTING"	"106589"	"CYCLE 2"	"123081"	"CRITICAL TEST CASES"	"124864"	"PAYMENT & CHANNEL"	"124869"	"CLEARING TRXN"	"FUCTIONAL TESTING > CYCLE 2 > CRITICAL TEST CASES > PAYMENT & CHANNEL > CLEARING TRXN"
"124870"	"1"	"FUCTIONAL TESTING"	"106589"	"CYCLE 2"	"123081"	"CRITICAL TEST CASES"	"124864"	"PAYMENT & CHANNEL"	"124870"	"CROSS BOARDER (CB)"	"FUCTIONAL TESTING > CYCLE 2 > CRITICAL TEST CASES > PAYMENT & CHANNEL > CROSS BOARDER (CB)"
"124871"	"1"	"FUCTIONAL TESTING"	"106589"	"CYCLE 2"	"123081"	"CRITICAL TEST CASES"	"124864"	"PAYMENT & CHANNEL"	"124871"	"DIRECT DEBIT"	"FUCTIONAL TESTING > CYCLE 2 > CRITICAL TEST CASES > PAYMENT & CHANNEL > DIRECT DEBIT"
"124872"	"1"	"FUCTIONAL TESTING"	"106589"	"CYCLE 2"	"123081"	"CRITICAL TEST CASES"	"124864"	"PAYMENT & CHANNEL"	"124872"	"ATM"	"FUCTIONAL TESTING > CYCLE 2 > CRITICAL TEST CASES > PAYMENT & CHANNEL > ATM"
"125459"	"1"	"FUCTIONAL TESTING"	"106589"	"CYCLE 2"	"106607"	"COMPLIANCE CONTROL & LIMIT"	"125459"	"SI"	"N/A"	"N/A"	"FUCTIONAL TESTING > CYCLE 2 > COMPLIANCE CONTROL & LIMIT > SI"
"125460"	"1"	"FUCTIONAL TESTING"	"106589"	"CYCLE 2"	"106607"	"COMPLIANCE CONTROL & LIMIT"	"125460"	"CLEARING"	"N/A"	"N/A"	"FUCTIONAL TESTING > CYCLE 2 > COMPLIANCE CONTROL & LIMIT > CLEARING"
"125461"	"1"	"FUCTIONAL TESTING"	"106589"	"CYCLE 2"	"106607"	"COMPLIANCE CONTROL & LIMIT"	"125461"	"CHANNEL"	"N/A"	"N/A"	"FUCTIONAL TESTING > CYCLE 2 > COMPLIANCE CONTROL & LIMIT > CHANNEL"
"126154"	"1"	"FUCTIONAL TESTING"	"106589"	"CYCLE 2"	"123081"	"CRITICAL TEST CASES"	"126154"	"BRANCH & COPS MGT"	"N/A"	"N/A"	"FUCTIONAL TESTING > CYCLE 2 > CRITICAL TEST CASES > BRANCH & COPS MGT"
"126155"	"1"	"FUCTIONAL TESTING"	"106589"	"CYCLE 2"	"126155"	"C1/B1 RETEST & VERIFICATION"	"N/A"	"N/A"	"N/A"	"N/A"	"FUCTIONAL TESTING > CYCLE 2 > C1/B1 RETEST & VERIFICATION"
"126156"	"1"	"FUCTIONAL TESTING"	"106589"	"CYCLE 2"	"126155"	"C1/B1 RETEST & VERIFICATION"	"126156"	"LENDING"	"N/A"	"N/A"	"FUCTIONAL TESTING > CYCLE 2 > C1/B1 RETEST & VERIFICATION > LENDING"
"126157"	"1"	"FUCTIONAL TESTING"	"106589"	"CYCLE 2"	"126155"	"C1/B1 RETEST & VERIFICATION"	"126157"	"PAYMENT & TRXN"	"N/A"	"N/A"	"FUCTIONAL TESTING > CYCLE 2 > C1/B1 RETEST & VERIFICATION > PAYMENT & TRXN"
"126158"	"1"	"FUCTIONAL TESTING"	"106589"	"CYCLE 2"	"126155"	"C1/B1 RETEST & VERIFICATION"	"126158"	"TRADE AND TREASURY"	"N/A"	"N/A"	"FUCTIONAL TESTING > CYCLE 2 > C1/B1 RETEST & VERIFICATION > TRADE AND TREASURY"
"126159"	"1"	"FUCTIONAL TESTING"	"106589"	"CYCLE 2"	"126155"	"C1/B1 RETEST & VERIFICATION"	"126156"	"LENDING"	"126159"	"ELM"	"FUCTIONAL TESTING > CYCLE 2 > C1/B1 RETEST & VERIFICATION > LENDING > ELM"
"126160"	"1"	"FUCTIONAL TESTING"	"141655"	"TBD"	"141656"	"LENDING"	"126160"	"RSME_1"	"N/A"	"N/A"	"FUCTIONAL TESTING > TBD > LENDING > RSME_1"
"126161"	"1"	"FUCTIONAL TESTING"	"106589"	"CYCLE 2"	"126155"	"C1/B1 RETEST & VERIFICATION"	"126156"	"LENDING"	"126161"	"ENTERPRISE COLLECTION (EC)"	"FUCTIONAL TESTING > CYCLE 2 > C1/B1 RETEST & VERIFICATION > LENDING > ENTERPRISE COLLECTION (EC)"
"126162"	"1"	"FUCTIONAL TESTING"	"106589"	"CYCLE 2"	"126155"	"C1/B1 RETEST & VERIFICATION"	"126156"	"LENDING"	"126162"	"ENTERPRISE RECOVERY (ER)"	"FUCTIONAL TESTING > CYCLE 2 > C1/B1 RETEST & VERIFICATION > LENDING > ENTERPRISE RECOVERY (ER)"
"126163"	"1"	"FUCTIONAL TESTING"	"141655"	"TBD"	"141656"	"LENDING"	"126163"	"LBL"	"N/A"	"N/A"	"FUCTIONAL TESTING > TBD > LENDING > LBL"
"126164"	"1"	"FUCTIONAL TESTING"	"106589"	"CYCLE 2"	"126155"	"C1/B1 RETEST & VERIFICATION"	"126156"	"LENDING"	"126164"	"ECM"	"FUCTIONAL TESTING > CYCLE 2 > C1/B1 RETEST & VERIFICATION > LENDING > ECM"
"126165"	"1"	"FUCTIONAL TESTING"	"106589"	"CYCLE 2"	"126155"	"C1/B1 RETEST & VERIFICATION"	"126157"	"PAYMENT & TRXN"	"126165"	"CBPMP"	"FUCTIONAL TESTING > CYCLE 2 > C1/B1 RETEST & VERIFICATION > PAYMENT & TRXN > CBPMP"
"126166"	"1"	"FUCTIONAL TESTING"	"106589"	"CYCLE 2"	"126155"	"C1/B1 RETEST & VERIFICATION"	"126157"	"PAYMENT & TRXN"	"126166"	"BOOK TRANSFER"	"FUCTIONAL TESTING > CYCLE 2 > C1/B1 RETEST & VERIFICATION > PAYMENT & TRXN > BOOK TRANSFER"
"126167"	"1"	"FUCTIONAL TESTING"	"106589"	"CYCLE 2"	"126155"	"C1/B1 RETEST & VERIFICATION"	"126157"	"PAYMENT & TRXN"	"126167"	"ATM"	"FUCTIONAL TESTING > CYCLE 2 > C1/B1 RETEST & VERIFICATION > PAYMENT & TRXN > ATM"
"126168"	"1"	"FUCTIONAL TESTING"	"106589"	"CYCLE 2"	"126155"	"C1/B1 RETEST & VERIFICATION"	"126157"	"PAYMENT & TRXN"	"126168"	"CROSS BORDER"	"FUCTIONAL TESTING > CYCLE 2 > C1/B1 RETEST & VERIFICATION > PAYMENT & TRXN > CROSS BORDER"
"126169"	"1"	"FUCTIONAL TESTING"	"106589"	"CYCLE 2"	"126155"	"C1/B1 RETEST & VERIFICATION"	"126157"	"PAYMENT & TRXN"	"126169"	"DHV"	"FUCTIONAL TESTING > CYCLE 2 > C1/B1 RETEST & VERIFICATION > PAYMENT & TRXN > DHV"
"126170"	"1"	"FUCTIONAL TESTING"	"106589"	"CYCLE 2"	"126155"	"C1/B1 RETEST & VERIFICATION"	"126157"	"PAYMENT & TRXN"	"126170"	"CLEARING"	"FUCTIONAL TESTING > CYCLE 2 > C1/B1 RETEST & VERIFICATION > PAYMENT & TRXN > CLEARING"
"126171"	"1"	"FUCTIONAL TESTING"	"106589"	"CYCLE 2"	"126155"	"C1/B1 RETEST & VERIFICATION"	"126157"	"PAYMENT & TRXN"	"126171"	"BFH"	"FUCTIONAL TESTING > CYCLE 2 > C1/B1 RETEST & VERIFICATION > PAYMENT & TRXN > BFH"
"126172"	"1"	"FUCTIONAL TESTING"	"106589"	"CYCLE 2"	"126155"	"C1/B1 RETEST & VERIFICATION"	"126157"	"PAYMENT & TRXN"	"126172"	"DLV"	"FUCTIONAL TESTING > CYCLE 2 > C1/B1 RETEST & VERIFICATION > PAYMENT & TRXN > DLV"
"126173"	"1"	"FUCTIONAL TESTING"	"106589"	"CYCLE 2"	"126155"	"C1/B1 RETEST & VERIFICATION"	"126157"	"PAYMENT & TRXN"	"126173"	"DIRECT DEBIT"	"FUCTIONAL TESTING > CYCLE 2 > C1/B1 RETEST & VERIFICATION > PAYMENT & TRXN > DIRECT DEBIT"
"126174"	"1"	"FUCTIONAL TESTING"	"106589"	"CYCLE 2"	"126155"	"C1/B1 RETEST & VERIFICATION"	"126158"	"TRADE AND TREASURY"	"126174"	"OBTF"	"FUCTIONAL TESTING > CYCLE 2 > C1/B1 RETEST & VERIFICATION > TRADE AND TREASURY > OBTF"
"139000"	"1"	"FUCTIONAL TESTING"	"141655"	"TBD"	"141656"	"LENDING"	"139000"	"RSME_2"	"N/A"	"N/A"	"FUCTIONAL TESTING > TBD > LENDING > RSME_2"
"141655"	"1"	"FUCTIONAL TESTING"	"141655"	"TBD"	"N/A"	"N/A"	"N/A"	"N/A"	"N/A"	"N/A"	"FUCTIONAL TESTING > TBD"
"141656"	"1"	"FUCTIONAL TESTING"	"141655"	"TBD"	"141656"	"LENDING"	"N/A"	"N/A"	"N/A"	"N/A"	"FUCTIONAL TESTING > TBD > LENDING"
"141657"	"1"	"FUCTIONAL TESTING"	"106589"	"CYCLE 2"	"123081"	"CRITICAL TEST CASES"	"141657"	"CASA"	"N/A"	"N/A"	"FUCTIONAL TESTING > CYCLE 2 > CRITICAL TEST CASES > CASA"
"141658"	"1"	"FUCTIONAL TESTING"	"106589"	"CYCLE 2"	"123081"	"CRITICAL TEST CASES"	"141657"	"CASA"	"141658"	"LQM"	"FUCTIONAL TESTING > CYCLE 2 > CRITICAL TEST CASES > CASA > LQM"
"141711"	"1"	"FUCTIONAL TESTING"	"106589"	"CYCLE 2"	"141711"	"TRADE & TREASURY"	"N/A"	"N/A"	"N/A"	"N/A"	"FUCTIONAL TESTING > CYCLE 2 > TRADE & TREASURY"
"141712"	"1"	"FUCTIONAL TESTING"	"106589"	"CYCLE 2"	"141711"	"TRADE & TREASURY"	"141712"	"OBSCF"	"N/A"	"N/A"	"FUCTIONAL TESTING > CYCLE 2 > TRADE & TREASURY > OBSCF"
"141713"	"1"	"FUCTIONAL TESTING"	"106589"	"CYCLE 2"	"123081"	"CRITICAL TEST CASES"	"141657"	"CASA"	"141713"	"CASA"	"FUCTIONAL TESTING > CYCLE 2 > CRITICAL TEST CASES > CASA > CASA"
"143236"	"1"	"FUCTIONAL TESTING"	"106589"	"CYCLE 2"	"123081"	"CRITICAL TEST CASES"	"141657"	"CASA"	"143236"	"TD"	"FUCTIONAL TESTING > CYCLE 2 > CRITICAL TEST CASES > CASA > TD"
"143791"	"1"	"FUCTIONAL TESTING"	"106589"	"CYCLE 2"	"143791"	"RELEASED CUSTOMIZATION"	"N/A"	"N/A"	"N/A"	"N/A"	"FUCTIONAL TESTING > CYCLE 2 > RELEASED CUSTOMIZATION"
"143792"	"1"	"FUCTIONAL TESTING"	"106589"	"CYCLE 2"	"143791"	"RELEASED CUSTOMIZATION"	"143792"	"CUST_BRANCH & COPs MGT"	"N/A"	"N/A"	"FUCTIONAL TESTING > CYCLE 2 > RELEASED CUSTOMIZATION > CUST_BRANCH & COPs MGT"
"143793"	"1"	"FUCTIONAL TESTING"	"106589"	"CYCLE 2"	"143791"	"RELEASED CUSTOMIZATION"	"143792"	"CUST_BRANCH & COPs MGT"	"143793"	"FX CHARGES"	"FUCTIONAL TESTING > CYCLE 2 > RELEASED CUSTOMIZATION > CUST_BRANCH & COPs MGT > FX CHARGES"
"143794"	"1"	"FUCTIONAL TESTING"	"106589"	"CYCLE 2"	"143791"	"RELEASED CUSTOMIZATION"	"143792"	"CUST_BRANCH & COPs MGT"	"143794"	"TXN LIMITS"	"FUCTIONAL TESTING > CYCLE 2 > RELEASED CUSTOMIZATION > CUST_BRANCH & COPs MGT > TXN LIMITS"
"144007"	"1"	"FUCTIONAL TESTING"	"106589"	"CYCLE 2"	"143791"	"RELEASED CUSTOMIZATION"	"144007"	"CUST_LENDING"	"N/A"	"N/A"	"FUCTIONAL TESTING > CYCLE 2 > RELEASED CUSTOMIZATION > CUST_LENDING"
"144008"	"1"	"FUCTIONAL TESTING"	"106589"	"CYCLE 2"	"143791"	"RELEASED CUSTOMIZATION"	"144007"	"CUST_LENDING"	"144008"	"ADVANCE LOAN"	"FUCTIONAL TESTING > CYCLE 2 > RELEASED CUSTOMIZATION > CUST_LENDING > ADVANCE LOAN"
"145409"	"1"	"FUCTIONAL TESTING"	"106589"	"CYCLE 2"	"106611"	"REPORTS & NOTIFICATIONS"	"145409"	"RN_BRANCH & COPs MGT"	"N/A"	"N/A"	"FUCTIONAL TESTING > CYCLE 2 > REPORTS & NOTIFICATIONS > RN_BRANCH & COPs MGT"
"146972"	"1"	"FUCTIONAL TESTING"	"106589"	"CYCLE 2"	"146972"	"CUSTOMER EXPERIENCE"	"N/A"	"N/A"	"N/A"	"N/A"	"FUCTIONAL TESTING > CYCLE 2 > CUSTOMER EXPERIENCE"
"146973"	"1"	"FUCTIONAL TESTING"	"106589"	"CYCLE 2"	"146972"	"CUSTOMER EXPERIENCE"	"146973"	"CX_CASA"	"N/A"	"N/A"	"FUCTIONAL TESTING > CYCLE 2 > CUSTOMER EXPERIENCE > CX_CASA"
"146974"	"1"	"FUCTIONAL TESTING"	"106589"	"CYCLE 2"	"146972"	"CUSTOMER EXPERIENCE"	"146974"	"PAYMENT & CHANNEL"	"N/A"	"N/A"	"FUCTIONAL TESTING > CYCLE 2 > CUSTOMER EXPERIENCE > PAYMENT & CHANNEL"
"146975"	"1"	"FUCTIONAL TESTING"	"106589"	"CYCLE 2"	"146972"	"CUSTOMER EXPERIENCE"	"146975"	"BRANCH & COPs MGT"	"N/A"	"N/A"	"FUCTIONAL TESTING > CYCLE 2 > CUSTOMER EXPERIENCE > BRANCH & COPs MGT"
"146976"	"1"	"FUCTIONAL TESTING"	"106589"	"CYCLE 2"	"146972"	"CUSTOMER EXPERIENCE"	"146975"	"BRANCH & COPs MGT"	"146976"	"CX_SI"	"FUCTIONAL TESTING > CYCLE 2 > CUSTOMER EXPERIENCE > BRANCH & COPs MGT > CX_SI"
"146977"	"1"	"FUCTIONAL TESTING"	"106589"	"CYCLE 2"	"146972"	"CUSTOMER EXPERIENCE"	"146975"	"BRANCH & COPs MGT"	"146977"	"CX_OBBRN"	"FUCTIONAL TESTING > CYCLE 2 > CUSTOMER EXPERIENCE > BRANCH & COPs MGT > CX_OBBRN"
"146978"	"1"	"FUCTIONAL TESTING"	"106589"	"CYCLE 2"	"146972"	"CUSTOMER EXPERIENCE"	"146974"	"PAYMENT & CHANNEL"	"146978"	"CX_MKONONI"	"FUCTIONAL TESTING > CYCLE 2 > CUSTOMER EXPERIENCE > PAYMENT & CHANNEL > CX_MKONONI"
"146979"	"1"	"FUCTIONAL TESTING"	"106589"	"CYCLE 2"	"146972"	"CUSTOMER EXPERIENCE"	"146974"	"PAYMENT & CHANNEL"	"146979"	"CX_WAKALA"	"FUCTIONAL TESTING > CYCLE 2 > CUSTOMER EXPERIENCE > PAYMENT & CHANNEL > CX_WAKALA"
"146980"	"1"	"FUCTIONAL TESTING"	"106589"	"CYCLE 2"	"146972"	"CUSTOMER EXPERIENCE"	"146974"	"PAYMENT & CHANNEL"	"146980"	"CX_POS & ATM"	"FUCTIONAL TESTING > CYCLE 2 > CUSTOMER EXPERIENCE > PAYMENT & CHANNEL > CX_POS & ATM"
"147577"	"1"	"FUCTIONAL TESTING"	"147577"	"CYCLE 3"	"N/A"	"N/A"	"N/A"	"N/A"	"N/A"	"N/A"	"FUCTIONAL TESTING > CYCLE 3"
"147578"	"1"	"FUCTIONAL TESTING"	"141655"	"TBD"	"147578"	"CORE MANAGEMENT"	"N/A"	"N/A"	"N/A"	"N/A"	"FUCTIONAL TESTING > TBD > CORE MANAGEMENT"
